{"location": [-74.026675, 40.877483]}
{"location": [-105.109815, 39.812975]}
{"location": [139.913146, 35.936612]}
{"location": [-78.912276, 42.966451]}
{"location": [-90.091703, 32.65244]}
{"location": [-90.091703, 32.65244]}
{"location": [-90.091703, 32.65244]}
{"location": [-90.091703, 32.65244]}
{"location": [-90.091703, 32.65244]}
{"location": [-78.912276, 42.966451]}
{"location": [-90.091703, 32.65244]}
{"location": [-90.091703, 32.65244]}
{"location": [-90.091703, 32.65244]}
{"location": [-90.091703, 32.65244]}
{"location": [-90.091703, 32.65244]}
{"location": [-90.091703, 32.65244]}
{"location": [-90.091703, 32.65244]}
{"location": [-90.091703, 32.65244]}
{"location": [-81.046876, 35.416412]}
{"location": [-81.046876, 35.416412]}
{"location": [-90.091703, 32.65244]}
{"location": [-90.091703, 32.65244]}
{"location": [-90.091703, 32.65244]}
{"location": [-90.091703, 32.65244]}
{"location": [-90.091703, 32.65244]}
{"location": [-2.319934, 53.570282]}
